,title,author,date,article_content
0,Una negociación acalorada COP29 inició con malas noticias de temperatura global,Andrés Mauricio Díaz Páez y - Enviado especial a Bakú / Azerbaiyán,11 de noviembre de 2024,La Conferencia de las Naciones Unidas sobre Cambio Climático COP29 arrancó oficialmente este lunes en Bakú Azerbaiyán con una prioridad clara acordar una nueva meta de financiamiento para que los países en desarrollo tomen acciones para mitigar el cambio climático y el aumento de temperatura global Estamos por el camino de la ruina Y no se trata de problemas del futuro el cambio climático ya está aquí casas inundadas en España incendios forestales en Australia aumento del nivel de mar en el Pacífico sequía en África Oriental dijo Muxtar Babayev ministro de Ecología y Recursos Naturales de Azerbaiyán y presidente de la conferencia durante su intervención en la plenaria de apertura Esa primera reunión que inició a las 1100 am hora local 200 am hora de Colombia debía durar dos horas pero se suspendió al medio día Las 198 delegaciones de países que asisten a la conferencia reunidas en el Estadio Olímpico de Bakú no lograban ponerse de acuerdo en cuál sería el enfoque de los temas que discutirán durante las próximas dos semanas Mientras tanto en una sala de prensa frente al salón de la plenaria la Organización Meteorológica Mundial OMM no daba buenas noticias Según seis sistemas de monitoreo climático a nivel mundial los primeros nueve meses de 2024 tienen un promedio de temperatura 154 C por encima de los niveles preindustriales y con seguridad será el año más caluroso jamás registrado superando a 2023 El reporte preliminar del Estado del Clima 2024 señala además que los 10 años transcurridos desde 2015 hasta ahora cerrarían también como la década más calurosa de la que se tengan datos y 2024 sería el primer año en superar la barrera de los 15 C Las políticas actuales nos llevarán a los 3 C de calentamiento Estas temperaturas serán catastróficas amenazarán la existencia de las comunidades y sus representantes en estas salas aseguró Babayev durante la plenaria haciendo un llamado a los países a tomar decisiones en esta COP29 para corregir ese camino Lo lograrán El Acuerdo de París que se firmó en 2015 estableció como meta limitar el aumento de temperatura a 15 C con respecto a la era preindustrial Que se supere esa barrera durante un año no quiere decir que se fracasó en esa meta pero sí que la ventana de oportunidad es más pequeña porque seguimos emitiendo cada vez más según dijo Celeste Saulo secretaria general de la OMM a El Espectador Los cambios de temperatura se miden en períodos de tiempo prolongados más de 10 años y según el reporte actualmente nos encontramos en un aumento promedio de 13 C Pero el aumento de 154 C hasta septiembre sí es el síntoma de una situación grave Hay muchos efectos que estamos documentando Aumento del nivel del mar calentamiento de los océanos derretimiento de los glaciares lluvia en exceso y en déficit señaló Saulo Por ejemplo de acuerdo con el reporte en 2023 se presentaron los dos registros más bajos de extensión mínima y máxima anual de hielo marino antártico y 2024 ha seguido por una senda similar teniendo el segundo registro más bajo para ambas categorías Otros fenómenos como el aumento del nivel del mar y la pérdida de glaciares también han tenido una tendencia similar a la de 2023 A esto se suman los eventos extremos que han tenido lugar durante el año El reporte señala algunos como los incendios forestales en Chile en donde se registraron más de 150 muertes y más de 3000 personas desplazadas las inundaciones en Brasil que afectaron 23 millones de personas y desplazaron a 630000 personas o el tifón Yagi que afectó a varios países del Sudeste Asiático en donde se estima que más de 15 millones de personas tuvieron que dejar su hogar Esta es una de muchas alertas rojas señaló Saulo durante el lanzamiento del informe preliminar que se publica año a año al inicio de las COP de cambio climático y que tendrá sus resultados definitivos el próximo marzo Necesitamos aumentar el apoyo para la adaptación al cambio climático a través de servicios de información del clima y de alertas tempranas concluyó la secretaria general de la OMM La plata que se necesita para esto es lo que está en juego en la COP29 Desde que terminó la COP28 en Dubái se dice que la COP29 sería la cumbre del financiamiento climático Y así lo dejó claro el presidente de la conferencia Babayev durante su discurso inaugural al decir que la prioridad absoluta será definir una nueva meta de financiamiento global NCQG por su sigla en inglés Pero no será fácil lograrlo En un documento borrador sobre lo que se va a discutir en Bakú está resumido lo que será el centro de las negociaciones hay 173 puntos en los que las delegaciones no están de acuerdo e intentarán llegar un consenso de aquí al 22 de noviembre Uno de los principales debates es la cifra anual del financiamiento y el destino que tendrá esa plata Sabemos que necesitamos billones de dólares dijo Babayav durante la plenaria Esta es una cantidad con la que están de acuerdo varios bloques de países como los africanos los de América Latina y el Caribe así como el grupo de países menos desarrollados Pero las potencias económicas como Estados Unidos plantean una cifra mucho más baja que el financiamiento anual sea de US 100000 millones en adelante Esta misma era la meta de financiamiento que se había planteado para 2020 pero que según la Organización para Cooperación y el Desarrollo Económico OCDE se logró hasta 2022 Sobre el destino de los recursos en el texto están planteadas dos posibilidades de redacción global o dirigida a los países en desarrollo Para Alejandra López líder de diplomacia climática de Transforma un centro de pensamiento que sigue de cerca las negociaciones si se respeta la esencia de la negociación en alguna parte del texto debe quedar explícito que la financiación debe ser dirigida a países en desarrollo teniendo en cuenta sus necesidades Esa es la posición que defienden los países en desarrollo Sin embargo el resultado es incierto Estados Unidos Reino Unido y la Unión Europea han manifestado que quieren que los países desarrollados no sean los únicos que aporten y que la movilización de recursos domésticos que son los que invierten en sus propios países también se tengan en cuenta como parte de la nueva meta de financiación Durante el segmento de alto nivel que tendrá lugar el martes y miércoles con la asistencia de presidentes y ministros de los países se empezarán a decantar con mayor claridad las posturas La agenda de trabajo se terminó de definir después de las 800 pm hora local 1100 am hora de Colombia por lo que las negociaciones en los grupos de discusión empezarán en el segundo día de la COP algo poco usual en este tipo de conferencias Quieres conocer las últimas noticias sobre el ambiente Te invitamos a verlas en El Espectador
1,La idea con la que Colombia quiere ser protagonista en la COP de cambio climático,Andrés Mauricio Díaz Páez y Enviado especial a Bakú / Azerbaiyán,13 de noviembre de 2024,En 1987 Bolivia firmó el primer acuerdo en la historia para intercambiar parte de la deuda externa de un país por acciones climáticas Le debía US 650000 a Citicorp Investment Bank y la organización Conservación Internacional se ofreció a pagar esa deuda a cambio de un compromiso que el dinero que se ahorraba el Estado tenía que destinarse a crear aumentar el nivel de protección de la reserva de la biosfera de Beni y crear tres nuevas áreas protegidas cerca de esta así como a garantizar su conservación durante 25 años Pero los resultados de esa negociación no llegaron tan pronto El acuerdo recibió fuertes críticas en los años posteriores a su firma entre otras cosas porque su implementación se tardó más de lo esperado como recuerda la Organización de las Naciones Unidas para la Alimentación y la Agricultura FAO en esta publicación Algo similar está ocurriendo en Ecuador en donde en mayo de 2023 se firmó el canje más grande registrado hasta ahora El Gobierno de ese país anunció un intercambio de US 1600 millones de su deuda por el compromiso de invertir más de US 300 millones en actividades de conservación en el área de las Islas Galápagos según Anderson Caputo jefe de la División de Conectividad Mercados y Finanzas del Banco Interamericano de Desarrollo BID entidad que respaldó esa transacción como garante Lea también Una negociación acalorada COP29 inició con malas noticias de temperatura global Un año después de firmado el acuerdo las inversiones han avanzado poco y hay críticas que señalan una pérdida de soberanía del Gobierno ecuatoriano en la administración de ese territorio como se advierte en una evaluación publicada por la Red Latinoamericana por la Justicia Económica y Social Latindadd Gustavo Petro presidente de Colombia también ha insistido en implementar un acuerdo de este tipo en el país La última vez hace dos semanas durante su discurso de apertura en la conferencia de biodiversidad en Cali COP16 señaló que es fundamental cambiar deuda por acción climática Ahora en la cumbre de cambio climático COP29 que se está adelantando en Bakú Azerbaiyán se definirá una nueva meta de financiamiento para enfrentar la crisis climática NCQG por su sigla en inglés Colombia y el bloque de países de América Latina y el Caribe ya han hecho pública su petición de que los canjes de deuda hagan parte de los instrumentos de financiación El presidente Petro canceló su asistencia el pasado domingo pero en Bakú ya encuentra el ministro de Relaciones Exteriores Luis Gilberto Murillo La ministra de Ambiente Susana Muhamad pronto arribará a la ciudad Uno de sus objetivos es presentar junto a Francia Alemania y Kenia los primeros resultados de un panel de expertos de los cuatro países que está revisando cómo se puede utilizar el canje de deuda para mitigar el cambio climático Lea Si no se ha consolidado La Niña por qué hay inundaciones en Colombia Un círculo vicioso Desde el primer canje de deuda el mundo ha vivido dos momentos en los que este mecanismo ha tomado fuerza El primero fue en 2008 luego de la crisis económica que se originó en Estados Unidos y que terminó afectando a todo el mundo El segundo lo estamos viviendo en este momento como consecuencia de la pandemia por covid19 como señala el informe provisional que presentará Colombia en Bakú De acuerdo con el panel de expertos que desarrollo el documento la pandemia por covid19 la inflación de precios de combustibles y alimentos el fortalecimiento del dólar el incremento de las tasas de interés y en muchos casos los desastres climáticos y ambientales afectaron a las poblaciones de países de ingresos bajos y medios así como su capacidad para invertir en la mitigación del cambio climático Juan Camilo Cárdenas Ph D en economía ambiental y el único colombiano que hace parte de ese grupo de expertos lo define como un círculo vicioso en el que se generan más necesidades sociales más gasto público y un mayor endeudamiento Eso se traduce en menos capacidad para tomar acciones climáticas algo que afecta particularmente a países de ingresos medios y bajos Esto se ve reflejado por ejemplo en el porcentaje de recursos que tienen que destinar para pagar su deuda Colombia destina más del 3 de su PIB para pagar intereses de la deuda El promedio de los países en vía de desarrollo es de 15 señala Antonio Hill magíster en estudios del desarrollo e investigador de Nature Resource Governance Institute NRGI Muchos países en un panorama similar destinan más en el pago de intereses que lo que pueden invertir en rubros como educación salud o acción climática El panel de expertos concluye que esto no solo termina afectando la capacidad de los países para adaptarse al cambio climático sino que incrementa su vulnerabilidad frente a eventos extremos del clima Estos países con recursos naturales abundantes podrían acelerar su extracción y degradación para cumplir con sus obligaciones del servicio de deuda y con las necesidades humanas advierten Girar hacia un círculo virtuoso explican los expertos haría que puedan tenerse inversiones en sectores como tecnología e infraestructura a la vez que se mantienen los servicios ecosistémicos que brinda la naturaleza como la mitigación de emisiones contaminantes y la prevención de ciclones El canje de deuda podría ser una herramienta para lograrlo pero cómo Le puede interesar Bogotá Chocó y La Guajira las prioridades en la declaratoria de situación de desastre nacional El canje de deuda por acción climática es una alternativa frente a la crisis de deuda que viven la mayoría de países en desarrollo explica Alejandra López Carvajal directora de diplomacia climática en Transforma un centro de pensamiento latinoamericano sobre la transición climática En otras palabras es un llamado a que no todo el financiamiento climático se base en el creciente endeudamiento de los países La negociación consiste en que el país deudor y el acreedor acuerdan una reestructuración en una parte o la totalidad de la deuda que idealmente incluiría una condonación Con los recursos que se liberan el país deudor debe crear un paquete de inversiones en acción climática y establecer un plazo para cumplirlos Caputo del BID lo define como una combinación única de garantías subvenciones y préstamos concesionales que permiten una acción climática inmediata sin aumentar la carga de la deuda del país Los bancos multilaterales participan como garantes de operaciones que no incluyen la condonación de una parte de la deuda sino que la reestructuran bajo nuevas condiciones de interés y plazo de pago Sin embargo el Gobierno de Colombia ha insistido desde 2022 en que lo que busca es una condonación Para López esto tiene sentido si se considera que en los últimos 10 años en promedio el 80 del financiamiento climático ha venido en forma de préstamos a tasa de mercado Es decir préstamos sin concesiones o disminución de intereses por tratarse de inversiones en la mitigación del cambio climático En Bakú las delegaciones están discutiendo cómo incentivar que los países tomen acciones que mitiguen el cambio climático pero también cómo eliminar elementos que las desincentivan como el exceso de deuda asegura la investigadora El primer borrador sobre la nueva meta de financiamiento climático que se está discutiendo en la COP29 no incluye el canje de deuda como instrumento de financiación pero el bloque de países de América Latina y el Caribe ya lo puso sobre la mesa y la Unión Europea reconoció la necesidad de discutirlo Sin embargo aún no hay un pronunciamiento frente a este tema por parte del bloque de países desarrollados por lo que se desconoce su posición frente a la posibilidad de incluirlo como un instrumento de financiación Además el caso reciente de Ecuador ha planteado varios desafíos relacionados con su implementación Además del poco avance que se ha dado en las inversiones para la conservación de las Islas Galápagos la evaluación de Latindadd destaca que hay muchos aspectos del acuerdo que no son claros Por ejemplo aseguran que no hay mecanismos precisos para hacer seguimiento a los planes de conservación que se implementen para saber si cumplen con la normatividad ambiental ecuatoriana Esos mecanismos hacen parte de los acuerdos que negocia el país deudor y el acreedor en donde tienen que analizar lo que se ofrece y verificar que los planes de conservación en los que se vaya a invertir estén alineados con los intereses nacionales apunta Sebastian Tröeng Ph D en ecología animal y vicepresidente ejecutivo de Conservación Internacional la organización que financió el canje que hizo Bolivia en 1987 Colombia tiene una posición buena para hacer este tipo de negociaciones de acuerdo con Cárdenas hace parte del grupo de países de ingresos medios y tiene un buen historial de pago de su deuda externa algo que indica que somos un país serio en el cumplimiento de ese tipo de compromisos y que el Estado tiene la capacidad para poder hacer las acciones climáticas explica el investigador Sin embargo países con menores ingresos no tienen la misma ventaja que podría tener Colombia y ante la necesidad de liberar recursos en el corto plazo podrían aceptar condiciones que no les beneficien a futuro Sobre esto Latindadd recomienda que se diseñen auditorías hechas desde la sociedad civil para revisar las condiciones bajo las que se dan los canjes de deuda para evitar que afecten los intereses nacionales a los que se refiere Tröeng Otro mecanismo que podría ayudar a que los países tengan una mejor posición a la hora de negociar es hacer coaliciones El ejemplo más claro es la posibilidad de crear un bloque de países amazónicos dice Cárdenas También es necesario que haya mecanismos de verificación detallados para el cumplimiento de cada una de las inversiones que se haga con el fin de garantizar que el canje tenga resultados visibles en la conservación de la naturaleza y la acción climática Cárdenas resume los primeros hallazgos del panel de expertos en que hay una triple crisis de clima deuda y naturaleza por lo que no hay un mejor momento para tener esta discusión En los pasillos de la Zona Azul de la COP29 se dice que el canje de deuda no tendrá espacio en las negociaciones NCQG Sin embargo la iniciativa de Colombia según Hill sí podría ser la antesala para discutir los cambios que deben hacerse en el sistema de financiamiento internacional después de que el grupo de expertos presente sus resultados finales antes del Foro Internacional de Financiamiento para Desarrollo que será en junio próximo en Madrid España Este artículo fue desarrollado con el apoyo de Climate Tracker Latinoamérica
2,Explosión de motocicleta dejó un soldado muerto y otro herido en El Plateado,Redacción Colombia,08 de noviembre de 2024,En la mañana de este viernes 8 de noviembre se registró la explosión de una motocicleta en el corregimiento de El Plateado en Argelia Cauca que dejó a un soldado muerto y otro herido El hecho se registra el mismo día en el que el Ministerio de Defensa tiene previsto un Festival Artístico y Cultural por el que previamente las disidencias habían hecho amenazas Lea Fuertes lluvias y granizada colapsaron la movilidad en Medellín Según indicó el Comando de la Tercera División del Ejército Nacional en la mañana uniformados del batallón de Fuerzas Especiales N 3 hacían una ronda por el casco urbano del corregimiento para garantizar la seguridad del evento cuando fueron víctimas de la explosión Este vehículo habría sido ubicado en el parque principal del corregimiento al parecer por milicias urbanas pertenecientes a la estructura residual Carlos Patiño indicó el Ejército que añadió que ninguna persona de El Plateado resultó herida Le puede interesar Marcela Reyes desmintió muerte de Exotic Dj quien fue herido en Cali En el ataque falleció el soldado profesional Pedro Fonseca Rojas de Chita Boyacá quien llevaba 18 años en el Ejército mientras que la persona herida fue el soldado Carlos Rangel Pérez que fue sacado de la zona y se encuentra bajo pronóstico reservado Pese a lo ocurrido el Gobierno nacional indicó que la serie de actividades prevista para este viernes en El Plateado se realizará La jornada que busca proveer con una amplia oferta de servicios médicos educación cultura y oportunidades de progreso y desarrollo para la comunidad continuará de acuerdo con lo previsto a través del refuerzo de los dispositivos de seguridad ya presentes en el corregimiento indicó la Tercera División Se tiene planeado además de conciertos espectáculos artísticos como una obra de teatro así como oferta de servicios de instituciones públicas y privadas que incluye la entrega de 315 kits escolares y computadores a niños de la región La evaluación de seguridad que han hecho las Fuerzas Militares garantiza la realización de este evento sin peligro para la comunidad y quienes participen en él Hay artistas que han aceptado participar en esta jornada que se hará el viernes dijo el ministro Iván Velásquez luego de que la cantante Arelys Henao anunció la cancelación de su participación ante la aparición de amenazas de las disidencias en las que además le pedían a la población no asistir a la jornada organizada por el Gobierno nacional
3,Marcela Reyes desmintió muerte de Exotic Dj quien fue herido en Cali,Redacción Colombia,07 de noviembre de 2024,Marcela Reyes expareja sentimental de Daniel Alejandro Salinas conocido como Dj Exotic indicó que el artista no ha fallecido El joven resultó herido en medio de una balacera que se registró en la madrugada del pasado domingo 3 de noviembre dentro del motel Rey de Corazones sobre la vía que conduce de Cali a Jamundí Lea En alerta cinco municipios de Chocó por creciente de ríos San Juan y Baudó El músico expareja de la también artista Marcela Reyes es una de las dos personas heridas en el tiroteo que se dio en medio de una fiesta de remate que el mismo Dj promocionó en sus redes sociales tras el concierto que dio Arcángel en la plaza de toros de Cali Exotic Dj fue atendido en la Fundación Valle del Lili en Cali pero luego fue trasladado a Bogotá donde permanece desde el pasado martes bajo pronóstico reservado Tras correr el rumor de su muerte su pareja sentimental indicó que lamentablemente ha circulado rumores y especulaciones falsas que han causado gran angustia a su familia especialmente a su madre y a su hijo Le puede interesar Piden declarar calamidad pública en La Guajira por las afectaciones de las lluvias En la balacera en la que resultó herido Exotic Dj falleció una persona identificada como Andrés Felipe Cuartas de 23 años mientras que dos más resultaron heridas Una es una mujer que sería la expareja de DJ Snake quien según el comandante de la Policía de Cali tuvo una lesión en una de sus piernas y se está recuperando El otro es el reconocido artista Por lo ocurrido se cerró temporalmente y se sancionó al motel así como las autoridades capturaron a dos personas que estuvieron en la fiesta y portaban armas Entre estos se encuentra alias La maravilla quien será imputado por porte ilegal de armas A él se le encuentran dos pistolas tipo Glock en el vehículo que estaba utilizando y tenía antecedentes La otra persona estamos verificando si también tiene historial criminal Él fue capturado por la coautoría del homicidio de la persona que se encontró al interior del motel Nota del editor Se cambió el título y contenido de la nota porque la expareja del artista Marcela Reyes confirmó que no ha fallecido
5,Confianza del consumidor en Estados Unidos aumentó en octubre,Agencia AFP y Agencia Bloomberg,29 de octubre de 2024,La confianza de los consumidores en la economía de Estados Unidos registró en octubre su mayor incremento mensual desde hace más de tres años a una semana de la elección presidencial informó el instituto Conference Board La percepción de los estadounidenses sobre la situación económica y el empleo mejoran El índice que mide la confianza trepó a 1087 puntos frente a 992 unidades en septiembre según esta encuesta mensual publicada el martes Lea también Me podrían multar por disfrazar el carro en Halloween El dato sorprendió a los analistas que esperaban 992 para este índice clave de la economía según el consenso reunido por Market Watch El índice de expectativas para los próximos seis meses aumentó 63 puntos en octubre hasta 891 mientras que el indicador de la situación actual subió más de 14 puntos hasta 138 Ya te enteraste de las últimas noticias económicas Te invitamos a verlas en El Espectador
6,El año arrancó mal para la industria manufacturera con una caída en enero,Redacción Economía,15 de marzo de 2024,En enero la producción real de la industria manufacturera presentó una variación de 43 las ventas reales de 41 y el personal ocupado de 11 según la Encuesta Mensual Manufacturera con Enfoque Territorial EMMET que realiza el Departamento Administrativo Nacional de Estadística DANE De las 39 actividades industriales representadas por la encuesta un total de 29 registraron variaciones negativas en su producción real restando 54 puntos porcentuales a la variación total anual y 10 subsectores con variaciones positivas sumaron en conjunto 12 puntos porcentuales a la variación total Lea también Se profundiza la caída en las ventas de viviendas de interés social en Colombia De acuerdo con Bruce Mac Master presidente de la ANDI los datos confirman nuestra preocupación alrededor de la difícil situación que enfrenta la industria manufacturera Luego de un año de sostenidas caídas en la producción y las ventas el 2024 empieza mostrando también un panorama complejo dado que precisamente estas variables registraron niveles de 43 y 41 respectivamente Las ventas de automotores cayeron 429 y los productos de caucho 301 Por su parte la producción textil y de confecciones registraron una disminución de 217 y 218 respectivamente Además la producción de insumos de la construcción como el hierro y el acero cayó en 16 Esta situación se refleja según el líder gremial en la capacidad de mantener y generar puestos de trabajo para el aparato productivo por lo que se registró una caída del 11 en el empleo de la actividad manufacturera en enero de 2024 frente a 2023 De acuerdo con el DANE de los 14 dominios de departamentos representados por la encuesta 12 registraron variaciones negativas en su producción real restando 48 pp de la variación total nacional El área metropolitana que más contribuye de manera negativa a la variación de la producción real fue el Valle de Aburrá con una variación de 68 Ya te enteraste de las últimas noticias económicas Te invitamos a verlas en El Espectador
7,Blue Monday Por qué hoy es el día más triste del año,Por Redacción Cromos,15 de enero de 2024,La palabra en inglés Blue además de traducir azul también significa triste o deprimente es de aquí que se han creado expresiones melancólicas como to feel blue e incluso es la razón de haber bautizado a un género musical como blues Te invitamos a leer más contenidos como este aquí Lee también Diabetes Las plantas para bajar el azúcar y evitar esta enfermedad Desde hace algunos años también se ha sumado a esta lista el Blue Monday calificado como el día más triste del año que se celebra el tercer lunes del año por lo que para el 2024 esta fecha es hoy 15 de enero Pero de dónde nació esta creencia Hace cerca de 20 años el psicólogo Cliff Arnall creó una fórmula matemática que determinaría cuándo sería el día más triste del año teniendo en cuenta diferentes factores como el clima las deudas por las fiestas navideñas el paso de los días después de las festividades o la presión para iniciar los propósitos de año nuevo Al cruzar toda esta información el psicólogo llegó a la conclusión de que la fecha que se lleva el título del día más triste del año sería el tercer lunes de enero por reunir todos estos factores en una combinación deprimente Recomendado El té de manzanilla la planta medicinal que te ayudará a dormir mejor Desde su creación han aumentado los creyentes y los opositores de la fórmula especialmente dentro de la comunidad científica Muchos profesionales de la salud mental critican su insuficiente base científica y que este concepto banalice algunas enfermedades como la depresión De acuerdo con National Geographic múltiples estudios han buscado determinar cuál es el día más odiado de la semana Aunque la creencia popular señala a que es el lunes por ser el reinicio tras descansar en el fin de semana esto varía según las dinámicas laborales A pesar de que la comunidad científica critique esta fórmula por sus endebles fundamentos además de ser usada como estrategia de marketing sí es verdad que existen algunas particularidades en el inicio de año que hacen que el día más triste del año se haya popularizado Adicionalmente algunos elementos de esta ecuación sí tienen base científica En primer lugar el cansancio y los cambios de humor En la época navideña se consumen altos niveles de azúcar que generan que el cerebro segregue dopamina conocida como la hormona de la felicidad Te puede interesar leer Cómo crear el hábito de la lectura sin morir en el intento La dopamina está involucrada en funciones cerebrales relacionadas con los sistemas de recompensa por lo que al dejar de ingerir azúcar después de un período de altos niveles sí pueden llegar a aparecer síntomas como dolor de cabeza cansancio o cambios de humor Además el Blue Monday coincide en muchos casos con la vuelta al trabajo tras las vacaciones El regreso a la rutina puede aumentar los niveles de estrés y por la adaptación a otros horarios generar problemas de sueño
8,Las exportaciones tuvieron un crecimiento en abril cuál fue la razón,Redacción Economía,04 de junio de 2024,En abril de 2024 las ventas externas del país fueron US44088 millones FOB y presentaron un crecimiento de 179 en relación con el mismo mes de 2023 de acuerdo con la información de exportaciones procesada por el Departamento Administrativo Nacional de Estadística DANE y la Dirección de Impuestos y Aduanas Nacionales DIAN Exportaciones por sector El resultado del aumento de las ventas exteriores se debió principalmente al crecimiento de 123 en las ventas externas del grupo de Combustibles y productos de las industrias extractivas Lea BBVA lanza primer bono de biodiversidad en el mundo así funcionará En abril las exportaciones de Combustibles y productos de las industrias extractivas fueron de US21383 millones FOB este comportamiento se explicó principalmente por el aumento de las ventas de hulla coque y briquetas 187 y petróleo productos derivados del petróleo y productos conexos 63 que contribuyeron en conjunto con 96 puntos porcentuales a la variación del grupo Por su parte las exportaciones del grupo de Manufacturas fueron de US9437 millones FOB presentaron un crecimiento de 153 frente a abril de 2023 Este comportamiento se explicó principalmente por el aumento en las ventas externas de productos químicos y productos conexos 23 y maquinaria y equipo de transporte 137 que contribuyeron en conjunto con 112 puntos porcentuales a la variación de la agrupación También crecieron las ventas externas de productos Agropecuarios alimentos y bebidas que fueron de US9474 millones FOB y presentaron un incremento de 228 comparado con abril de 2023 Finalmente el crecimiento de las exportaciones del grupo Otros sectores 554 se explicó fundamentalmente por el aumento de las exportaciones de oro no monetario que aportó 546 puntos porcentuales a la variación del grupo Lea Si gana el salario mínimo esto es lo que le pagarán por la prima en junio de 2024 Los países de destino En abril de 2024 Estados Unidos fue el principal destino de las exportaciones colombianas con una participación de 268 en el valor FOB total exportado le siguieron en su orden En abril el crecimiento en las exportaciones a Estados Unidos se explicó principalmente por las mayores ventas externas de petróleo crudo 724 en comparación con el mismo mes del año pasado Mientras que la caída de las exportaciones a India fue explicado por las menores ventas externas de petróleo crudo 392 Ya te enteraste de las últimas noticias económicas Te invitamos a verlas en El Espectador
9,Motos de 100cc y 125cc Por qué son las preferidas por los colombianos,Redacción Autos,17 de mayo de 2024,Las motos de 100cc y 125cc se han consolidado como las preferidas por miles de colombianos según el más reciente informe de la Cámara de la Industria de Motocicletas de la ANDI y Fenalco que reveló el registro de motocicletas nuevas en abril de 2024 Durante este período se registraron 68748 motocicletas nuevas en el país lo que representa un notable crecimiento del 3394 en comparación con abril de 2023 cuando se vendieron 51328 unidades Es destacable que la mayoría de las nuevas adquisiciones en Colombia se inclinaron hacia las motocicletas de cilindrada entre 100cc y 125cc las cuales abarcaron un significativo 4976 del mercado seguidas por el segmento de 150cc a 200cc con una participación del 2418 En los boletines anteriores de la ANDI y Fenalco correspondientes a enero de 2024 el segmento más solicitado para la adquisición de motocicletas nuevas fue el de 100cc a 125cc abarcando un 52 del mercado En febrero esta preferencia se mantuvo constante representando un 51 de las ventas totales Para marzo del mismo año una vez más el segmento de 100cc a 125cc se posicionó como líder en la tendencia de compra con un 49 del mercado Para Juan Carlos Gutiérrez director comercial de Yamarinos Auteco la popularidad de las motos de 100cc y 125cc entre los colombianos se debe principalmente a razones económicas En Colombia el ciudadano promedio valora la economía y estas motos están exentas de ciertos impuestos Los propietarios de motocicletas con cilindradas superiores a 125 centímetros cúbicos deben pagar un impuesto anual obligatorio del 17 del valor comercial según el Ministerio de Transporte Por ejemplo las motos de 100cc con cilindradas de 999 o 997 centímetros cúbicos se benefician de esta exoneración fiscal Además estos vehículos son generalmente más económicos y ofrecen una excelente autonomía de combustible por kilómetro lo que las convierte en una opción muy atractiva para el transporte diario explicó Le sugerimos Problemas comunes en motocicletas y soluciones para que no se enrede En términos de eficiencia las motocicletas de 100cc y 125cc se destacan notablemente frente a las de mayor cilindrada Estas motos pueden ofrecer un rendimiento superior a 130 kilómetros por galón una cifra que las motocicletas de mayor cilindrada no suelen alcanzar Esta eficiencia de combustible las hace extremadamente competitivas en el mercado atrayendo a los consumidores que buscan economía y bajo costo operativo De acuerdo con Gutiérrez los colombianos utilizan las motos principalmente para dos propósitos en su vida diaria el trabajo y los desplazamientos largos entre su hogar y el lugar de empleo Estas motos son valoradas por su economía y eficiencia lo que las convierte en una opción ideal tanto para labores profesionales como para recorridos diarios Hay muchos casos de personas que compran varias motos dos tres o incluso cinco y las alquilan especialmente para servicios de mensajería que requieren un uso intensivo Este modelo de negocio se está volviendo muy popular actualmente señala Gutiérrez Le sugerimos Busca una moto para trabajar Esto es lo que debe tener en cuenta Por su parte Carlos Badillo asesor experto del Grupo PiaggioLos Coches señala que las motocicletas de 100cc a 125cc son la primera opción para personas y familias de estratos medio bajos debido a su asequibilidad y bajo costo de mantenimiento En términos de movilidad en áreas urbanas los usuarios pueden optar por motos de cambios semiautomáticas moppets o scooters debido a su versatilidad Sin embargo en zonas rurales por sus vías destapadas o no pavimentadas las scooters no son tan recomendables por sus carenajes que pueden dañarse o desajustarse con la vibración de las vías además de tener una menor altura en comparación con las motos mecánicas Según Badillo de cara a los desafíos comunes que enfrentan los propietarios de motos de 100cc y 125cc estos vehículos no suelen tener costos de mantenimiento elevados debido a su mecánica básica y motores pequeños Las marcas que fabrican estas motos son generalmente comerciales lo que hace que los repuestos sean accesibles Sin embargo las motos de baja gama y cilindrada tienden a deteriorarse más rápidamente que aquellas con tecnologías más avanzadas A corto plazo los costos de mantenimiento no son significativos pero a largo plazo a partir de los 50000 kilómetros requerirán inversiones constantes en mantenimiento aunque sea económico La frecuencia de estos mantenimientos dependerá de la calidad y marca de la moto enfatiza Badillo En cuanto a la percepción de las motos de 125cc en los últimos años esta ha cambiado significativamente Para Badillo anteriormente las motos de 125cc eran prácticamente la única opción para la mayoría de las personas debido a su accesibilidad Sin embargo actualmente existe una mayor variedad de opciones en el mercado incluidas motos de mayor cilindrada que se han vuelto más aspiracionales Ahora las motos de 125cc deben competir con estas nuevas alternativas y la elección de los consumidores está más influenciada por el presupuesto disponible que por la falta de opciones sostiene También es notable que en el pasado las motos de baja cilindrada solían ser el principal medio de transporte para muchas familias o personas utilizadas para todo desde desplazamientos diarios hasta viajes largos Según Badillo en la actualidad hay mercados donde los clientes optan por estas motos de baja cilindrada para sus desplazamientos diarios mientras que reservan un automóvil o una motocicleta de mayor cilindrada para viajes o necesidades que requieran más potencia Le sugerimos Estas fueron las motos más vendidas en abril de 2024 En cuanto a mejoras la seguridad es prioritaria con la inclusión de frenos ABS y posiblemente tecnologías como el control de tracción aunque en este segmento son escasas debido al aumento de costos Para mantener la atracción en este segmento los fabricantes deben mantener precios accesibles y ofrecer diseños atractivos teniendo en cuenta las preferencias locales La implementación de tecnologías como la inyección electrónica y sistemas de ahorro de combustible como el sistema StartStop serían valoradas por los consumidores ya que contribuirían a la economía de combustible y al ahorro en costos de operación En última instancia el factor decisivo para los clientes es el ahorro económico que puedan obtener con estas mejoras destaca Badillo
10,Impresionante las cifras que le dejó a Cali la COP16,Redacción Semana,14 de noviembre de 2024,La COP16 cerró con resultados excepcionales para Colombia y en particular para Cali que no solo recibió grandes beneficios económicos sino que se consolidó como una ciudad capaz de albergar eventos de alcance nacional e internacional Este logro unió a sectores civiles públicos y privados y le devolvió el amor propio a la Sucursal del Cielo aseguró Melissa Vergara Botero secretaria de Desarrollo Económico de Cali De acuerdo con cifras de la Alcaldía cerca de 13 millones de personas vivieron la COP16 en la ciudad distribuidas entre la Zona Azul 84000 personas la Zona Verde 1 millón y el circuito de la biodiversidad Además de las discusiones políticas estos espacios acogieron una robusta agenda académica muestras de emprendimientos locales mercados campesinos y actividades culturales y gastronómicas Según explicó la secretaria de Desarrollo Económico de Cali estas cifras muestran que el alcalde Alejandro Éder cumplió su propósito con este encuentro Desde el primer día insistió en que el evento debía enfocarse en el emprendimiento la educación y la cultura sin tintes políticos ni de espaldas a la comunidad destacó Nos fajamos expresó Vergara refiriéndose al esfuerzo que implicó para la ciudad organizar un evento de la magnitud de la COP16 algo inédito en Cali La funcionaria destacó que antes del encuentro trabajaron junto a la ciudadanía en programas de capacitación limpieza y embellecimiento de la ciudad logrando un proceso de apropiación que involucró a personas de todas las edades Asimismo trabajaron durante meses junto a entidades organizaciones emprendedores y empresas en estrategias de seguridad logística y emergencia lo cual permitió que durante la cumbre no se presentara ningún problema de orden público ni de seguridad La gente se apropió de la COP se volcó a las calles y al final todos sabían de qué se trataba el evento y los resultados que conseguimos solo era algo que se podría lograr entre todos Hoy tenemos la autoestima muy alta como ciudad A diferencia de otras cumbres de este tipo que suelen organizarse en un plazo de hasta dos años la de Cali se logró en solo ocho meses un aspecto que el secretario general de la ONU António Guterres destacó de manera positiva En términos económicos la COP16 inyectó cerca de 66 millones de dólares a la economía local beneficiando diversos sectores y consolidando a Cali como un destino para grandes eventos Durante los días del evento la ocupación hotelera de Cali alcanzó un promedio del 92 con picos del 97 lo que significó un hito para el sector turismo de la ciudad que demostró su capacidad para recibir eventos de gran magnitud y de todo tipo Trabajamos con Cotelco para que nuestros visitantes recibieran una atención de calidad en los hoteles de Cali y en los hospedajes de los municipios del Área Metropolitana por igual Este fue un tema que tomó mucha relevancia durante la COP16 ya que los vuelos llegaban por Palmira y la Zona Azul estaba en Yumbo comentó Vergara La colaboración con el gremio hotelero en especial con Cotelco permitió una atención de alta calidad no solo en Cali sino en los municipios cercanos aprovechando la cercanía del aeropuerto en Palmira y la Zona Azul en Yumbo De igual manera los vendedores y comerciantes reportaron un aumento significativo en sus ventas De hecho los emprendedores que participaron en los espacios de la COP16 lograron ventas por más de 560 millones de pesos Para mantener este impulso la Alcaldía promueve la iniciativa Cali es donde debes estar que busca posicionar a la ciudad como destino turístico gracias a su riqueza cultural y la hospitalidad caleña Además están buscando abrir nuevas rutas aéreas que conecten a la región y faciliten la llegada a la capital del Valle La secretaria Vergara indicó que a la par del impulso turístico Cali trabaja en la lucha contra la minería ilegal y otras actividades ilícitas para consolidarse como una ciudad biodiversa atrayendo visitantes y fomentando una economía más verde De hecho la ciudad planea realizar la Semana de la Biodiversidad cada dos años con el fin de promover su riqueza natural y fortalecer el compromiso ambiental de la región La COP16 generó gran interés mediático superando en búsquedas a la cumbre de Montreal en un 20 Más de 33000 artículos se publicaron a nivel global exponiendo a Colombia y sobre todo a Cali en medios internacionales lo cual abre la puerta a más inversiones de países como Alemania Francia Países Bajos Suiza y naciones en América Latina Todo esto se puede traducir en empleo desarrollo tecnología y mayores oportunidades para los vallunos en el corto y mediano plazo Hoy la ciudad se enfoca en seguir fortaleciendo pilares clave como la bioeconomía la descarbonización y los negocios verdes para posicionarse como un referente mundial en biodiversidad y sostenibilidad Cali seguirá avanzando en pilares clave para asegurar que el legado de la COP16 continúe beneficiando a la ciudad concluyó Vergara Contenido elaborado con apoyo de la Alcaldía de Cali
11,Por qué se conmemora el Día de la Mujer el 8 de marzo,Redacción Cómo,5 de marzo de 2024,El 8 de marzo es un día que resuena con un eco de conmemoración y reflexión en todo el mundo Este día conocido como el Día Internacional de la Mujer es mucho más que una simple fecha en el calendario es un tributo a la fuerza la resistencia y los logros de las mujeres a lo largo de la historia El Día Internacional de la Mujer encuentra sus raíces en las primeras décadas del siglo XX una época en la que las mujeres estaban emergiendo con valentía para reclamar sus derechos en un mundo predominantemente dominado por hombres El 8 de marzo de 1908 un grupo de mujeres trabajadoras textiles se declaró en huelga en Nueva York exigiendo mejores condiciones laborales salario justo y el derecho al voto Este evento marcó el comienzo de un movimiento que resonaría en todo el mundo Sin embargo el momento crucial que llevó a la conmemoración internacional tuvo lugar en 1911 En la ciudad de Nueva York un trágico incendio en la fábrica de Triangle Shirtwaist cobró la vida de más de 140 mujeres trabajadoras La mayoría de ellas eran inmigrantes y muchas eran adolescentes Este desastre resaltó las terribles condiciones laborales a las que las mujeres estaban sometidas y sirvió como catalizador para la toma de conciencia y la movilización en favor de los derechos de las mujeres Fue en la Segunda Conferencia Internacional de Mujeres Socialistas celebrada en Copenhague en 1910 donde la idea de un día internacional de lucha de las mujeres tomó forma Clara Zetkin una destacada activista alemana propuso la idea de establecer un día específico para abogar por los derechos de las mujeres y promover la igualdad de género La propuesta fue aprobada por unanimidad y el 19 de marzo de 1911 millones de mujeres se unieron en Austria Dinamarca Alemania y Suiza para exigir sus derechos y conmemorar el Día Internacional de la Mujer por primera vez A medida que avanzaba el siglo XX el Día Internacional de la Mujer se convirtió en un vehículo poderoso para impulsar cambios significativos en la sociedad Durante la Primera Guerra Mundial las mujeres jugaron un papel crucial en la producción y el mantenimiento de la vida cotidiana lo que llevó a un aumento de la conciencia sobre la importancia de sus contribuciones En 1917 el 8 de marzo marcó el inicio de la Revolución Rusa cuando las mujeres se manifestaron en Petrogrado exigiendo pan y el fin de la guerra Este evento llevó a la caída del zar y eventualmente al establecimiento de un gobierno provisional que otorgó a las mujeres el derecho al voto Después de la Segunda Guerra Mundial la Declaración Universal de Derechos Humanos de las Naciones Unidas adoptada en 1948 garantizó la igualdad de derechos para mujeres y hombres Sin embargo la lucha por la igualdad de género continuó en las décadas siguientes La década de 1960 vio el resurgimiento del movimiento feminista con la píldora anticonceptiva brindando a las mujeres un mayor control sobre su salud reproductiva y la legalización del aborto en algunos países La década de 1970 se proclamó como la Década de la Mujer por las Naciones Unidas y en 1977 las Naciones Unidas adoptaron una resolución invitando a los estados a proclamar según sus tradiciones históricas y costumbres nacionales un día como Día de las Naciones Unidas para los Derechos de la Mujer y la Paz Internacional Esta resolución allanó el camino para la institucionalización del 8 de marzo como Día Internacional de la Mujer Este artículo fue creado con ayuda de una inteligencia artificial que utiliza machine learning para producir texto similar al humano y curado por un periodista especializado de Semana
12,La principal preocupación de Petro es ir a juicio político Pierre Onzaga,Redacción Confidenciales,22 de abril de 2024,Según el líder de la oposición Pierre Onzaga uno de los gestores de las marchas del 21 de abril contra el presidente de la República Gustavo Petro la actitud que tomó el mandatario fue irrespetuosa y confrontacional Onzaga menciona que Petro ha tratado de minimizar el clamor de algunos colombianos al denominar golpe blando cuando refiriéndose a la propuesta de un juicio político y que materializaría constitucionalmente el grito de fuera Petro el cual retumbó en diferentes regiones del país Este juicio político lo reclaman algunos sectores por la violación de topes en la campaña electoral establecido en el artículo 109 de la constitución política de Colombia Para Onzaga la principal preocupación del presidente hoy es que se ejecute esta acción porque podría sacarlo del poder Petro le llama golpe a que los colombianos exijamos que se use la constitución para destituirlo mientras él la viola para crear un proceso constituyente al margen de la ley o sea por fuera de la constitución Además el líder de oposición señala que el presidente llama a un acuerdo nacional y esto podría poner en riesgo la democracia Por eso les manifiesta a los partidos políticos con presencia en el Congreso de la República que tengan mucho cuidado con vender o negociar la movilización ciudadana del 21 de abril por un acuerdo de poder y gobernabilidad dado que la voz popular es sabia y gritó fuera Petro o sea que salga Petro de la presidencia por medio del juicio político por el 109 enfatizó Advirtió que los congresistas yo líderes de partidos que se presten para el llamado acuerdo nacional serán señalados de traición a la voluntad ciudadana que marcha contra Petro y además deberían pensar que Petro los usaría y desecharía como bien ya se ha comprobado que hace Finalmente Onzaga indicó que el juicio político o por indignidad nada tiene que ver con lo penal basándose en lo que ha dicho la Corte Constitucional Les recomendamos a los congresistas que se ilustren y que respeten la ley y a los opinadores que entiendan la diferencia para evitar llevar al país al mismo escenario donde salió impune Samper puntualizó
13,Corte Suprema cerró proceso a la excongresista Aida Merlano por financiar campaña a la Cámara de Mauricio Salazar,Redacción Semana,21 de octubre de 2024,Por falta de pruebas la Sala de Instrucción de la Corte Suprema de Justicia se inhibió de abrir investigación en contra de la excongresista Aida Merlano por financiar la campaña a la Cámara de Representantes de Mauricio Salazar Tras evaluar los movimientos de la campaña de Salazar contrastar las fuentes de financiación y evaluar las declaraciones entregadas por Aida Merlano a un medio de comunicación la Sala de Instrucción con ponencia del magistrado Marco Antonio Rueda concluyó que no había mérito alguno para abrirle un proceso penal a la exdirigente política conservadora En uno de los apartes del fallo de 75 páginas se advierten las contradicciones mediáticas entregadas por Aida Merlano asegurando que no se puede descartar un ataque político en contra de Mauricio Salazar quien para ese momento estaba en campaña para la Alcaldía de Pereira Atendiendo a la ausencia de los elementos constitutivos del tipo penal de corrupción al sufragante en tratándose de la conducta desarrollada ninguna connotación delictiva se le puede atribuir a Mauricio Salazar Peláez y a Aida Merlano Rebolledo adiciona la decisión La Sala evaluó todos los documentos enviados por el Partido Conservador del cual hacían parte Merlano y Salazar para evaluar las fuentes de financiación En el análisis se encontró que no había prueba para inferir que Aida Merlano había financiado directamente la campaña de su colega de colectividad Tanto es así por la simple y llana razón de que esa operación económica tenía como objeto y causa un contrato verbal de mutuo entre particulares por completo ajeno a cualquier finalidad proselitista que pudiera atribuirse a Mauricio Salazar Peláez y a Aida Merlano Rebolledo Especialmente al considerar que la suma transferida en 2015 no podía dirigirse a patrocinar una supuesta campaña a la Alcaldía de Pereira de María Irma Noreña Arboleda dado que esta había desistido de la misma desde mayo de esa anualidad indica En este sentido se señala que lo dicho por Aida Merlano no tenía coherencia frente al momento político que se estaba presentando Así dado que no existe un fundamento demostrativo que asocie a los implicados en el referido negocio entre particulares y especialmente porque los supuestos fácticos que originaron ese crédito carecen de trascendencia penal entonces surge evidente e incontrastable la atipicidad de la conducta atribuida a los exrepresentantes a la Cámara enfatiza la Sala La misma decisión cobija a Mauricio Salazar Peláez quien estuvo en la Cámara de Representantes en el período 20142018 La excongresista Aida Merlano se encuentra actualmente privada de su libertad cumpliendo una condena por la compra de votos que puso en marcha para llegar al Senado en el año 2018 Recientemente una jueza rechazó el preacuerdo que había firmado con la Fiscalía General y en el que reconoció plenamente su responsabilidad en la fuga que protagonizó el primero de octubre de 2019 tras asistir a una cita odontológica en el norte de Bogotá La jueza consideró que la pena de dos años y seis meses de prisión pactada en la negociación era muy baja La defensa de la excongresista presentó recurso de apelación que será resuelto por la Sala Penal del Tribunal Superior de Bogotá
14,Estos son los retos que tendrá el presidente Petro en los dos años que le restan de gobierno,Redacción Vicky en Semana,7 de agosto de 2024,Este miércoles 7 agosto se cumplen exactamente dos años de la posesión del presidente Gustavo Petro y se inicia la segunda mitad de su mandato que finalizará en 2026 En SEMANA los representantes Carolina Arbeláez de Cambio Radical Duvalier Sánchez de la Alianza Verde Alejandro Ocampo del Pacto Histórico y Andrés Forero del Centro Democrático hablaron sobre los retos que tendrá el gobierno en los dos años que le quedan en la Casa de Nariño En primer lugar la congresista Arbeláez cuestionó que la administración del Pacto Histórico viene haciendo un llamado al diálogo para aprobar sus reformas sin embargo aseguró que se la ha pasado en en conflicto permanente con todo el que piensa diferente durante la primera parte del periodo Son dos años de muchos retos y desafíos El gobierno viene haciendo un llamado al diálogo en pro de las reformas pero vemos que se la ha pasado estos dos años en un conflicto permanente una confrontación con el Congreso con la oposición con todo el que piensa diferente Vemos con dificultad que este diálogo se pueda consolidar También en medio de tanto escándalo de corrupción en el gobierno es muy difícil que las reformas tengan legitimidad dijo la congresista quien hizo un balance negativo del gobierno Puedo hacer un diagnóstico de desgobierno baja ejecución presupuestal de crisis explícita en todos los sectores de la economía de inestabilidad ya son 35 ministros en este gobierno señaló Por su parte el representante Ocampo aseguró que el país ha tenido desarrollos importantes en estos dos años de gestión Van a ser dos años muy importantes para el país El gobierno va a poder dar a conocer sus resultados ejecutar en Colombia no ha sido fácil Creo que Colombia ha tenido desarrollos importantes en estos dos años En el año 2023 el gobierno Petro invirtió en salud más que todo el gobierno de Iván Duque En el tema de infraestructura se invirtió cinco veces más que Santos cuatro y medio más que con Uribe subrayó El representante Forero afirmó que los dos años de finales de la administración del presidente Petro serán complejos Nos quedan dos años complejos porque el presidente ha decidido adelantar la campaña presidencial Hemos visto que ha tenido baja ejecución no tiene muchos resultados para mostrar Por esa incapacidad para mostrar resultados y por todos los escándalos que han rodeado su gobierno el presidente ha decidido hablar de una constituyente la cual se había comprometido a no convocar tanto en el año 18 como en el 22 expresó el parlamentario
15,Atentos colombianos están cada vez más pobres pero tendrán que pagar más por la gasolina y el diésel que subieron Estos son los nuevos precios,Redacción Semana,3 de agosto de 2024,La Comisión de Regulación de Energía y Gas Creg emitió una circular en la que ajusta el precio de los combustibles en Colombia a partir de este sábado 3 de agosto SEMANA le cuenta cómo quedaron los valores en las principales ciudades del país Frente a las cifras que se manejaron en el mes de julio la gasolina bajó 20 mientras que el diésel subió 16 En el promedio nacional el primero será de 15568 y el segundo de 9456 aunque cada territorio tendrá sus números particulares La gasolina más cara la tendrán que asumir los conductores de la ciudad de Villavicencio que ya superó los 16000 por cada galón Y el diésel más costoso se venderá en las calles de la capital del Valle del Cauca a 9892 En la circular de precios vigentes para agosto la Creg también estableció el ingreso al productor de gasolina motor corriente en 1038044 por galón Para el productor de ACPM se mantiene en 485512 por galón En el caso del productor de alcohol carburante que se usa para mezclar con la gasolina y reducir sus niveles de contaminación regirá un valor de 15906 por galón Finalmente el ingreso al productor del biodiésel que se hace usualmente con aceite de palma será de 1693051
16,El peligroso líder del Cartel de Sinaloa Ismael El Mayo Zambada se declara inocente en un tribunal de Nueva York,Redacción Mundo,13 de septiembre de 2024,El cofundador del Cartel de Sinaloa Ismael El Mayo Zambada se declaró este viernes 13 de septiembre no culpable ante un tribunal de Nueva York en el que será juzgado por 17 cargos entre ellos empresa criminal y tráfico de drogas que pueden llevarle a pasar el resto de sus días en la cárcel Vestido con traje de presidiario y debilitado físicamente necesitó ayuda para levantarse de la silla al dejar la sala de audiencias Zambada de 76 años escuchó de la Fiscalía los cargos de los que le acusa de los que se declaró no culpable a través de su abogado Su próxima vista está prevista para el 31 de octubre y aguardará el juicio en prisión Ante su peligrosidad y el riesgo de fuga la Fiscalía solicitó al juez que instruye su caso James Cho que ordene la detención permanente del acusado a la espera del juicio ya que no existen condiciones que garanticen la seguridad de la comunidad o la comparecencia del acusado en el juicio si fuera puesto en libertad Al ser preguntado por el juez James Cho cómo se sentía el acusado respondió con un escueto Bien bien Después se limitó a responder con un sí señor a través de intérprete a las preguntas habituales del magistrado sobre si entendía las acusaciones y cuestiones de procedimiento El fiscal Francisco Navarro recordó que su oficina busca una orden permanente de detención para el acusado que supone un peligro extremo para la sociedad y alto riesgo de fuga La Fiscalía neoyorquina acusa a este famoso narcotraficante que en más de cuatro décadas de carrera delictiva nunca había sido apresado por ninguno de los 17 cargos que hoy enfrenta entre ellos empresa criminal continuada tráfico de drogas en particular cocaína heroína y fentanilo asesinato y tráfico y posesión de armas Llegó a EDNYnews el equipo de fiscales que van a juzgar al Mayo Zambada Abróchense su cinturón pictwittercomsI4MYs40MY De ser hallado culpable puede acabar sus días en la cárcel como su compadre Joaquín El Chapo Guzmán cofundador del Cartel de Sinaloa que fue condenado en el mismo tribunal de Brooklyn a cadena perpetua Detenido en el aeropuerto de Santa Teresa Nuevo México al aterrizar en un pequeño avión en compañía de Joaquín Guzmán López hijo de alias El Chapo Zambada también se había declarado no culpable ante un tribunal de la fronteriza localidad de El Paso en Texas Según contó en una carta tras su detención Zambada fue emboscado y engañado por Guzmán López y traído por la fuerza a Estados Unidos En las últimas dos décadas la justicia estadounidense había emitido al menos 16 órdenes de acusación contra él Con información de la AFP
17,Economía colombiana tuvo un ligero crecimiento en febrero tan solo del 13 según el ISE del Dane,Redacción Economía,18 de abril de 2024,El Índice de Seguimiento a la Economía ISE de febrero de 2024 en su serie original tuvo un crecimiento de 249 en el dato anual de febrero comparado con igual mes del año anterior cuando fue de 16 Entre tanto en el dato anual sin el efecto estacional y calendario que es el más real el crecimiento fue de 13 ligeramente inferior al de enero de este año 15 según reveló este jueves el Departamento Administrativo Nacional de Estadística Dane Entre tanto cuando se mira el resultado mensual la economía registró decrecimiento en febrero El ISE mensual en su serie ajustada por efecto estacional y calendario representó un decrecimiento de 157 respecto al mes de enero de 2024 cuando había sido de 32 indicó el Dane De acuerdo con el informe del Dane las llamadas actividades primarias dentro de las cuales caben las ramas productivas como la agricultura la ganadería la apicultura la acuicultura la pesca la minería la silvicultura y la explotación forestal sacaron la cara Siguiendo con el comparativo en los resultados de la serie desestacionalizada las actividades primarias se expandieron en 591 respecto al mes de febrero de 2023 En la serie original sin efecto calendario el crecimiento fue de 77 Pero eso sí en el mes de manera individual con el registro de un decrecimiento del ISE estas ramas de la economía también se contrajeron en 344 respecto al mes de enero de 2024 Dentro de las actividades secundarias que hacen parte de la medición del ISE están sectores claves para el mercado laboral Industria manufactura construcción y electricidad son parte de este segmento que en su serie ajustada se desplomó en febrero 42 dato anual Solo en el mes en su serie ajustada por efecto estacional y calendario hubo un crecimiento intermensual de 046 respecto al mes de enero de 2024 Por el lado de las actividades terciarias las que conciernen al comercio transporte y almacenamiento en su serie ajustada por efecto estacional y calendario se registra un crecimiento de 16 respecto a febrero de 2023 Para el caso del mes de manera aislada hubo decrecimiento de 009 respecto a enero de 2024 El pronóstico para el año con la economía colombiana es diverso El FMI Fondo Monetario Internacional por ejemplo revisó a la baja su apuesta por la economía de este país Estima que no irá más allá de 11 en el año completo Otros analistas de mercado se lanzan a pronosticar que la producción crecerá en 1 en línea con el Banco de la República
18,Procuradora exige al general Salamanca proteger a funcionarios judiciales Cuando la protesta se sale de control hay que actuar inmediatamente,Redacción Nación,9 de febrero de 2024,Tras la caótica jornada de marchas de este jueves 8 de febrero SEMANA conoció que la procuradora general Margarita Cabello reiteró su llamado al general William Salamanca director de la Policía Nacional para que intervenga con la fuerza pública y garantice la integridad de los magistrados y funcionarios de la Rama Judicial Cabello se refirió a los hechos ocurridos ayer cuando un grupo de manifestantes sitió y retuvo durante varias horas y en contra de su voluntad a varios funcionarios judiciales en el Palacio de Justicia luego de que la Corte Suprema confirmara que ninguna de las ternadas para fiscal general alcanzó los 16 votos requeridos para ser nombrada en propiedad Nosotros somos el órgano encargado de vigilar la omisión o la acción de las autoridades públicas y dentro de esas la del general y de toda la Policía afirmó la jefe del Ministerio Público Asimismo Cabello señaló Hay que garantizar la protesta que es válida en un país democrático como Colombia pero una protesta pacífica Cuando se sale de sus cauces hay que actuar inmediatamente Procuradora Margarita Cabello pide al general William Salamanca director de la Policía proteger a los funcionarios judiciales Cuando la protesta se sale de sus causes hay que actuar inmediatamente httpstcoif1kX8q65f pictwittercomZt4yY2y6fw De igual forma la procuradora general hizo un llamado a la calma y a la cordura y pidió a los ciudadanos que protesten de manera pacífica y sin afectar los derechos de los demás Precisamente la jefe del Ministerio Público calificó como secuestro el hecho de que los manifestantes sitiaran a los magistrados de la Corte Suprema Debo decir entre comillas que fue una especie de secuestro temporal de los magistrados de la Corte Suprema y lógicamente como Procuraduría General de la Nación encargada de la vigilancia del cumplimiento de sus funciones de los servidores públicos manifestamos que era importante que las autoridades la Policía en este caso garantizaran no solo la seguridad de los magistrados que estuvieron durante casi cuatro o cinco horas encerrados sin poder salir sino también la garantía de la institucionalidad recalcó Cabello La Federación Colombiana de Trabajadores de la Educación Fecode fue la que convocó a una gran movilización el jueves La motivación detrás de esta convocatoria se relacionó con las investigaciones por parte de la Fiscalía y la presión a la Corte Suprema Aunque la manifestación fue liderada por Fecode fuentes le confirmaron a SEMANA que el Gobierno Petro estuvo promoviendo la participación de sus funcionarios en las marchas Aunque se enfatizó que la asistencia era voluntaria se organizó la logística para aquellos que desearan unirse a la manifestación En medio del caos de este 8 de febrero el director de la Policía Nacional general William Salamanca atendió una llamada Era el magistrado Gerson Chaverra presidente de la Corte Constitucional Lo advertía de alteraciones de orden público en la sede la corporación en Bogotá El oficial se dirigió al centro de Bogotá sede del alto tribunal y buscó la manera de ingresar a las instalaciones sin que los manifestantes lo notaran esto con el ánimo de no provocarlos ni alterar aún más los ánimos El general intentó ingresar por una zona del Congreso con tal de entrar a las oficinas de manera sigilosa Finalmente accedió a la Corte Suprema de Justicia mediante una zona que está en obra en construcción ubicada en inmediaciones del Palacio de Justicia Salamanca se dirigió al cuarto piso y habló allí con el magistrado Chaverra Ambos estuvieron de acuerdo con que tocaba mantener la calma ante la situación de personas protestando frente a la Corte Suprema y algunos de ellos pateando las puertas del parqueadero con el ánimo de dañarlas y tal vez entrar a la edificación Según se conoció al encuentro se sumó Carlos Ramón González Merchán director del Departamento Administrativo de la Presidencia de la República y posteriormente se atendió la orden del presidente Gustavo Petro de llamar a efectivos de la institución para desbloquear el acceso al alto tribunal y permitir la salida de funcionarios y demás personas que allí estaban Posterior a ello la Corte Suprema de Justicia denunció un bloqueo violento e ilegal a su sede principal por parte de cientos de manifestantes que respondieron al llamado del presidente Gustavo Petro para exigirle al tribunal que elija un nuevo fiscal general de una terna propuesta por el mandatario La Corte Suprema de Justicia rechaza enfáticamente el asedio de las últimas horas al Palacio de Justicia de la capital de república Es inaceptable que se llegue a sitiar a jueces dijo el presidente del alto tribunal Gerson Chaverra quien fue evacuado junto con los otros 22 magistrados el jueves al final de la tarde en medio de un fuerte operativo de seguridad Sindicalistas estudiantes e indígenas respondieron a la convocatoria de Petro para manifestarse en las principales ciudades del país mientras los magistrados sostenían una reunión en Bogotá para elegir al sucesor del saliente fiscal Francisco Barbosa a quien Petro acusa de querer derrocarlo Los manifestantes rodearon la principal sede judicial del país y bloquearon el acceso al edificio donde se encontraban los jueces Al final de la tarde policías antidisturbios dispersaron con gases lacrimógenos a la multitud Algunos respondieron lanzando piedras a la fuerza pública que retomó el control de la zona Los magistrados fueron evacuados en vehículos escoltados por policías sobre las 500 p m Son mis órdenes garantizar la libre movilidad y nadie la obstaculiza en este momento reaccionó Petro en la red social X Ninguna de las candidatas consiguió este jueves los 16 votos necesarios para asumir el cargo Ángela María Buitrago Amelia Pérez Parra y Luz Adriana Camargo son las ternadas Así las cosas la Fiscalía quedará de manera temporal a cargo de la vicefiscal general Martha Mancera Para la Corte las manifestaciones afectaron gravemente el derecho a la libertad de locomoción y pusieron en grave riesgo la vida e integridad física de magistrados empleados periodistas y demás ocupantes del Palacio de Justicia Las marchas fueron pacíficas durante la mañana pero la situación escaló al mediodía cuando el presidente del alto tribunal anunció que ninguna de las candidatas consiguió los 16 votos necesarios para asumir el cargo
19,Pago de prima en Colombia IA revela los cinco errores más comunes al gastar esa plata en junio,Redacción Economía,24 de junio de 2024,Junio es un mes clave para los empleados en Colombia pues además de recibir el salario ordinario millones de trabajadores recibirán el pago de la prima de servicios un dinero extra al que tienen derecho por ley y el cual para muchos hogares es clave a la hora de cuadrar el bolsillo planear vacaciones o realizar alguna inversión Pese a esto hay quienes olvidan algunos detalles y en lugar de darle un buen destino a este ingreso extra lo gastan en asuntos que pueden terminar por convertirse en un dolor de cabeza pues no se atienden deudas se dejan de lado compromisos o se compran bienes y servicios que no son prioritarios Al respecto la inteligencia artificial entregó cuáles son los cinco errores más graves y comunes a la hora de gastar la prima dinero que puede verse como un salvavidas financiero a mitad de año o que puede terminar siendo dilapidado Este dinero extra que equivale a la mitad de un salario suele ser utilizado con diferentes fines sin embargo puede irse tan rápido como llega si se cometen los siguientes errores Es importante tener en cuenta estos errores comunes para tomar decisiones financieras más informadas y estratégicas con respecto a la prima de servicios recibida en junio y así darle el mejor uso posible a ese dinero extra que llega al bolsillo de los colombianos Así mismo es clave entender que hay que tomar ciertas medidas de seguridad a la hora de retirar el dinero en cajeros automáticos de realizar transacciones en comercios o de recurrir a pagos electrónicos pues por esta época los casos de estafa suplantación o robo de datos personales suele incrementarse debido a las estrategias de los delincuentes para acceder a las cuentas de ahorros de sus víctimas
